RMS,Mean,MA1,MA2,MA3,F1,F2,F3,FailureID
0.9721625378505386,0.7036916666666667,11345.330649195741,10650.442003341304,9478.125858354246,0.8,11.200000000000001,14.8,1.0
0.9833764114857885,0.7127541666666667,13912.673376215504,13072.899063246245,12577.832679063684,4.4,13.600000000000001,2.8000000000000003,1.0
0.9700837592703013,0.7008291666666666,15308.184890780885,10697.594058474091,10114.993215579583,3.6,2.4000000000000004,1.2000000000000002,1.0
0.9694629097254486,0.701825,12868.452031014032,12035.586141741815,9549.310121223441,5.2,1.6,11.200000000000001,1.0
0.9833192089381081,0.713275,15044.45716431822,14697.736198347913,12384.556363595062,4.0,3.2,3.6,1.0
0.9730557537983114,0.7054291666666667,16890.825173627993,11692.273600551975,10607.611350046485,3.6,2.4000000000000004,5.6000000000000005,1.0
0.9682350782050125,0.7011875,10263.566568979413,9991.352952840598,8585.910956964137,6.800000000000001,6.0,6.4,1.0
0.9745298011519881,0.704725,10994.372671417905,10601.417268741849,10332.765792386796,3.2,5.6000000000000005,6.800000000000001,1.0
0.973336187210428,0.7040083333333333,14197.212795640791,12228.01891777841,11958.556161153077,1.6,2.4000000000000004,7.2,1.0
0.9701159724486552,0.7009666666666666,14866.97776398877,10271.155261573596,9191.721275251342,2.0,2.4000000000000004,3.6,1.0
0.973687150303765,0.703975,14309.575315208442,10464.041485494994,9583.020668345844,2.0,9.600000000000001,6.800000000000001,1.0
0.9702083109655714,0.7014791666666667,12462.590265020552,10803.309249062153,10789.061463019676,1.2000000000000002,3.2,1.6,1.0
0.9753802677246791,0.7051416666666667,11108.406133330227,10476.31265133658,9996.670450547957,3.2,1.6,4.4,1.0
0.9705754306939088,0.7020166666666666,11409.145957933973,11351.534762791003,10393.354741027262,2.4000000000000004,6.800000000000001,1.6,1.0
0.9791960988484381,0.7096666666666667,16217.392276162422,16055.335088096774,15250.959030787613,1.6,2.0,12.8,1.0
0.9671327899173584,0.6995375,14451.771100033855,14186.959083693697,10410.600327311526,2.4000000000000004,4.0,1.2000000000000002,1.0
0.9709960521718578,0.7025416666666666,13329.47723729123,8546.048398907193,8451.859091667871,3.2,10.0,4.4,1.0
0.9725674783787498,0.7036125,13194.13889270573,12966.628973651348,10603.928017360517,2.0,8.4,3.6,1.0
0.9701954270489357,0.7017541666666667,14042.722134607806,9235.277573812122,9051.15513360013,7.6000000000000005,3.2,6.800000000000001,1.0
0.9717509969122748,0.7046,15087.126729100028,11943.87002854868,10232.970424047531,2.4000000000000004,2.0,9.200000000000001,1.0
0.9725931831963455,0.7050708333333333,14560.622076724258,13421.352024804386,12988.673109149715,2.4000000000000004,1.2000000000000002,6.0,1.0
0.9737213838328361,0.7048416666666667,11342.227172248478,11278.23220179506,10569.648619316016,6.800000000000001,2.0,6.4,1.0
0.9705754306939088,0.7018583333333334,13888.325613161256,13461.106011280597,10786.356041524952,2.8000000000000003,4.0,3.2,1.0
0.9832853095617772,0.7133833333333334,14406.546757532495,14232.84608278879,12959.513080993884,2.4000000000000004,1.2000000000000002,6.0,1.0
0.9694994412926016,0.7007291666666666,12617.997866866614,10682.712375999388,9846.539857388492,3.2,3.6,4.800000000000001,1.0
0.9784085717803853,0.708525,15477.270916651652,12900.60679167855,11665.808916595655,4.4,6.4,6.800000000000001,1.0
0.9738069623903908,0.7048083333333334,17691.17976417007,12807.153900426376,12585.65006729284,6.800000000000001,3.6,1.6,1.0
0.9769275817582387,0.7069125,14236.703758685979,10677.471818182948,9809.85420310203,7.6000000000000005,6.800000000000001,1.6,1.0
0.9694736544469204,0.7019208333333333,14065.796528514373,13763.507961482193,10793.970549635895,2.0,3.6,8.8,1.0
0.9667277279565327,0.7000875,10238.73136605136,9207.24472288436,8903.751311266391,3.6,7.6000000000000005,13.600000000000001,1.0
0.9793684189313029,0.7087791666666666,15830.833123137423,12547.795967953178,9821.050011751213,2.4000000000000004,1.6,6.0,1.0
0.9761809087800615,0.7067625,14643.489020172055,11607.938834844976,11006.275354983682,5.2,10.8,8.4,1.0
0.9762427976686947,0.7071583333333333,19998.188804848207,12239.581283260115,10753.770234656113,2.0,6.4,2.8000000000000003,1.0
0.9695746490085227,0.7003,13215.737308371306,12990.099928094023,11329.881307665204,4.800000000000001,2.0,1.6,1.0
0.9720875303524198,0.7039958333333334,15071.00552938195,12908.992214506245,11891.036056671503,4.0,3.2,6.800000000000001,1.0
0.9695703515819091,0.7015,15480.841719815231,15237.71470076182,11657.410806627384,2.4000000000000004,3.2,4.800000000000001,1.0
0.9744400101254738,0.704975,16955.527306331373,13174.408678632795,11973.016302882601,6.0,4.0,2.0,1.0
0.9696928207771092,0.7022791666666667,13951.217011369692,12557.90528261311,10405.995213263246,2.8000000000000003,3.2,1.2000000000000002,1.0
0.9725824729382422,0.7045333333333333,14011.284510981324,13059.832272669519,11811.823428863403,4.0,8.8,4.800000000000001,1.0
0.9807203984826663,0.7114875,14000.561392972257,12544.260201873765,12336.717909834715,3.6,2.8000000000000003,8.8,1.0
0.969810978146429,0.7022583333333333,15397.304237520953,10953.851300367149,10105.528876239716,1.2000000000000002,4.800000000000001,3.6,1.0
0.9754144418314368,0.7069416666666667,15486.16742760092,12432.689361993393,12297.821874314315,4.800000000000001,1.6,1.2000000000000002,1.0
0.9663548347613659,0.6987916666666667,10471.759527806398,10317.455715004488,9704.669580887514,1.2000000000000002,4.0,7.2,1.0
0.9760272366418197,0.7073458333333333,16547.658809272,13743.641892617627,10946.904064773926,7.2,2.8000000000000003,5.2,1.0
0.9607093733278551,0.6937291666666666,10642.433173056068,8339.307838333056,8165.814857256326,2.8000000000000003,8.8,9.600000000000001,1.0
0.9736892899345937,0.7050125,14405.645819863117,13747.082046677748,11179.047957635426,4.800000000000001,3.6,7.6000000000000005,1.0
0.9789428822289208,0.7086708333333334,13762.883493321051,11629.440900131853,11094.875610358078,5.6000000000000005,6.0,2.8000000000000003,1.0
0.9708394134287435,0.7030458333333334,14280.906976969529,9249.968091315883,9220.016420527103,6.4,0.8,5.2,1.0
0.9699312690426403,0.702525,11684.511870225468,10668.058246113995,10567.632196413066,2.0,4.4,4.800000000000001,1.0
0.9719117758315309,0.7027791666666666,11900.767698126903,11528.878051429914,11334.477322629227,3.2,4.4,2.4000000000000004,1.0
0.9730600358319795,0.7053708333333333,10838.645432444806,10737.04835239208,10030.370502174737,3.6,5.6000000000000005,7.2,1.0
0.9715901913872947,0.7024208333333334,12740.812817313872,10051.059557660012,9664.847313182765,3.6,4.0,11.600000000000001,1.0
0.9693275160302287,0.7011125,14995.42318272098,14125.46037826751,13231.242297793364,6.4,3.2,4.800000000000001,1.0
0.9644147620880413,0.6969958333333334,12367.972584037392,10450.300285876532,10057.72908020671,4.4,2.8000000000000003,7.2,1.0
0.9613315418383677,0.6934916666666666,10929.34547121731,9042.12025710347,8573.703727787817,7.6000000000000005,6.4,9.200000000000001,1.0
0.9774349935758729,0.7079625,13846.120627118766,13451.768872511524,13018.572910050041,3.2,7.6000000000000005,2.8000000000000003,1.0
0.9677357593888943,0.6987958333333333,9865.182988504492,9278.072330193807,8790.487895324279,1.2000000000000002,17.2,18.0,1.0
0.9700773165062669,0.7013166666666667,11986.111334584799,11167.942876526833,10307.178495058482,2.8000000000000003,2.0,6.800000000000001,1.0
0.9840287089307913,0.7135875,13385.388525080369,12312.235235109321,12197.08106158964,2.0,4.4,5.2,1.0
0.971669525438905,0.703375,13454.120051474729,11107.996761881725,10380.221746915078,2.8000000000000003,4.4,12.4,1.0
0.9808966986045642,0.7116416666666666,12658.875810689395,10419.19437792708,10415.24381463946,6.800000000000001,3.2,4.0,1.0
0.9660443399071632,0.6995333333333333,12087.222455947578,11612.406937456119,10691.25991405997,5.6000000000000005,4.0,8.0,1.0
0.9673438719848628,0.6990541666666666,9796.794926969022,9732.4973181942,8902.454785118387,10.4,9.600000000000001,18.8,1.0
0.9692780818733084,0.7008916666666667,12654.14194986512,12287.884834938346,10437.776157682676,2.8000000000000003,5.6000000000000005,3.2,1.0
0.9671284816403661,0.6991041666666666,14524.565188700091,12186.667255865745,10157.482425337972,4.0,3.6,6.800000000000001,1.0
0.9700859068488041,0.70105,14976.680922165335,10869.742666924665,10493.384012457942,1.6,2.4000000000000004,4.0,1.0
0.9826579601604348,0.7122083333333333,18465.636733188763,17064.40066711209,13916.483680565438,6.0,1.6,2.0,1.0
0.9636000207555,0.6968916666666667,11269.079306899588,9952.899465429331,9545.362449478178,3.6,7.6000000000000005,5.6000000000000005,1.0
0.9728908811715046,0.7044083333333333,11914.427538131958,9083.569843115672,8656.8428606466,10.0,1.2000000000000002,27.6,1.0
0.9841006892928521,0.7148875,18504.46929273579,16447.67841620028,13334.881265926493,2.8000000000000003,6.0,2.4000000000000004,1.0
0.9685878896620586,0.7012375,14836.337387717962,13474.446932364186,13335.751270858558,4.0,3.2,2.0,1.0
0.9652547159515289,0.6977333333333333,9799.217478991868,8899.05910467565,8598.810721442593,1.6,4.4,20.0,1.0
0.9692071502006163,0.7021791666666667,15504.714756134405,10237.838677351969,9200.257356589793,2.0,4.4,8.8,1.0
0.9621113934120796,0.6942666666666667,10947.362483713043,9655.435080303934,8831.56263484449,2.8000000000000003,1.6,14.8,1.0
0.9764028369479474,0.7087458333333333,14091.124176924324,14070.802072616858,13614.184305849805,8.4,4.800000000000001,3.6,1.0
0.9786044485218053,0.7091333333333333,17924.33313855035,16629.465030195955,13822.812814560462,2.4000000000000004,2.0,5.2,1.0
0.9839546059990099,0.7131083333333333,15110.766209119267,14917.811069472196,14274.739478019463,2.0,2.8000000000000003,4.800000000000001,1.0
0.9625075757277619,0.6955875,13486.096392300355,10450.225931196394,9944.30752608791,6.0,5.2,6.4,1.0
0.9676883968165234,0.7000208333333333,10145.749759574157,9700.07706746782,9312.200665960112,5.2,9.600000000000001,4.0,1.0
0.9634832639957998,0.696325,10961.131644899808,10184.425880280756,8929.784512214617,4.4,10.4,0.8,1.0
0.9625097402104563,0.6950583333333333,13430.439149665977,10249.855722651562,7511.950673158757,3.6,3.2,4.4,1.0
0.9796087654432933,0.7107333333333333,14727.089524273806,13814.452273161063,13378.499626429553,4.800000000000001,3.6,6.4,1.0
0.9651597449818,0.6973833333333334,12575.630373682487,12244.564926802212,9133.604744888858,7.2,4.4,6.0,1.0
0.9687706987036028,0.7002666666666667,15699.835042033013,11036.955652807197,10995.025605676192,2.8000000000000003,7.2,1.2000000000000002,1.0
0.9727195553361376,0.7042166666666667,13247.3604100456,12272.982912149582,10169.288276507343,3.2,4.800000000000001,14.0,1.0
0.971742421289373,0.7035583333333333,13746.512404608591,11007.518345176859,10251.318607349205,4.0,7.2,5.2,1.0
0.9813362488634226,0.7111458333333334,12404.045838029124,11318.89177974522,11270.430386494852,6.4,2.0,0.8,1.0
0.9717810109964762,0.70325,11229.553258422136,10853.8477810771,9711.032388374098,4.4,1.6,5.6000000000000005,1.0
0.9779464027576699,0.7091625,13598.175300210914,13422.202545095397,12118.093161853425,1.2000000000000002,2.4000000000000004,2.8000000000000003,1.0
0.9726360230493899,0.7045125,16941.09343437092,11819.629338228378,10995.437443366367,4.4,16.0,4.0,1.0
0.9625573575983234,0.6958916666666667,8751.332601295831,8459.025198793446,8060.390206166133,5.6000000000000005,4.4,8.0,1.0
0.9644255630512221,0.6973166666666667,13475.8163369645,13385.068617708233,10929.42005556124,2.8000000000000003,2.4000000000000004,4.4,1.0
0.9676819381043201,0.698775,11138.632994260011,10862.524896799265,10827.706015369893,3.6,6.0,1.2000000000000002,1.0
0.9770725834518812,0.7075791666666666,13066.619540211288,12431.433590723776,11628.661611409336,2.8000000000000003,3.6,4.4,1.0
0.9656280339758162,0.6979875,15916.74675002458,10339.72807365103,9285.422189846744,2.4000000000000004,10.0,3.2,1.0
0.9710453988700357,0.7028375,13466.868556357484,10903.226375464856,9774.384674141327,1.6,3.6,6.4,1.0
0.975358908299914,0.7054833333333334,16366.879350455374,15944.97733923232,11547.14481749464,5.6000000000000005,4.0,7.2,1.0
0.9659170944409946,0.6976625,12109.353017379979,11739.067773034518,11239.919278210116,8.0,2.4000000000000004,5.6000000000000005,1.0
0.972792372502992,0.7046083333333333,14505.417792227101,12939.602436315694,10840.747942292337,2.4000000000000004,2.0,3.2,1.0
0.9733169233776495,0.7048375,13072.68409761267,12371.508514173305,11164.533452192323,11.600000000000001,6.4,2.4000000000000004,1.0
16.207997125904647,1952.7994125,83449570.3815128,71091509.65369394,67434558.33834165,775.6,776.0,776.8000000000001,2.0
17.44356985157186,1917.6805041666667,76726384.23096947,60857475.40366653,60565449.117019854,778.8000000000001,777.6,778.4000000000001,2.0
17.571188064556136,1911.5425166666666,94071096.1412166,91776797.14126559,62751469.475246616,774.8000000000001,775.2,774.4000000000001,2.0
16.412183101789555,1895.8988625,64493352.948256366,58607103.69471364,57911978.249623686,772.4000000000001,775.6,772.8000000000001,2.0
17.69031232058948,1838.4851666666666,94266414.5962754,81022466.84100108,50056405.005912125,774.4000000000001,773.6,774.8000000000001,2.0
16.16291563012895,1832.4020333333333,98276146.48004839,69021419.92761216,62792480.72207319,773.2,773.6,772.8000000000001,2.0
17.11928882868678,1836.6129416666668,72804101.25711879,60295768.16044908,53238099.167094514,775.2,774.4000000000001,776.4000000000001,2.0
17.167117429357013,1819.5234208333334,67319366.80024838,67271350.4060663,62979549.05509621,776.8000000000001,775.2,775.6,2.0
19.258389838370878,1819.6371541666667,87058388.15072376,80421860.39600497,70719076.93621512,775.2,774.8000000000001,775.6,2.0
17.35298797517784,1918.506975,75788977.40092188,74487827.41437219,42785517.74845085,779.2,779.6,774.4000000000001,2.0
13.5682836362354,1966.2189125,70193060.04434644,63881867.40636557,61231991.168936856,778.8000000000001,775.6,776.0,2.0
15.982574625718682,1914.625175,78236850.62820943,71210089.89361264,66982509.64506328,777.6,778.8000000000001,776.4000000000001,2.0
16.509847818801966,1907.3693333333333,109666339.83481,74793690.66671003,57672792.35002933,775.2,774.4000000000001,774.8000000000001,2.0
18.192896507519997,1900.7046,69388616.92378142,60483883.2308977,54805863.235647656,776.0,775.6,772.8000000000001,2.0
15.925244372797968,1847.4650416666666,69186743.2671113,67138607.40248755,54842124.3467878,774.4000000000001,774.0,772.4000000000001,2.0
17.27794174180864,1831.0058791666668,101767778.1075323,74322484.03932923,58063772.020079784,773.2,773.6,772.8000000000001,2.0
19.586603521284644,1832.0301291666667,60499869.22339619,52264900.34554486,51710216.66009092,776.4000000000001,773.2,775.2,2.0
14.743545197814534,1817.129275,72015816.20894502,54084066.42141297,49736947.84122046,775.2,776.8000000000001,776.4000000000001,2.0
18.384855746873114,1821.1656041666668,74926804.29328285,68118735.22511156,59072569.69655547,774.8000000000001,775.2,775.6,2.0
17.865195446267396,1900.3968333333332,54869488.58213355,54095814.070170626,49563415.349403724,779.6,775.6,779.2,2.0
17.30216905959096,1978.4767291666667,96877682.30601448,73676838.94084227,52730409.54622286,778.8000000000001,779.2,776.4000000000001,2.0
19.427207939725495,1919.7183833333333,82687681.78486414,74753108.99144146,62610637.17102494,777.6,778.8000000000001,778.4000000000001,2.0
17.19748128360662,1905.3816791666666,125106635.59613344,73590649.98416904,56005768.00009183,775.2,775.6,774.8000000000001,2.0
16.705350190881962,1909.3203416666668,85503777.02383304,68894154.66110876,60592210.175808795,776.0,775.6,774.8000000000001,2.0
17.6081120036571,1858.4205083333334,73759222.56864238,70762129.29697995,60124290.247671165,772.4000000000001,774.0,772.0,2.0
16.696569008831325,1835.890925,72727678.64337637,67758702.97305572,60845030.57308835,773.2,773.6,772.8000000000001,2.0
15.915877031023665,1828.5271333333333,58271133.90079195,53152594.489458285,52503211.45674427,773.2,776.4000000000001,772.8000000000001,2.0
18.368473103844714,1821.4787875,85797656.68540505,60201114.73640166,58529467.044792965,775.2,776.0,774.8000000000001,2.0
18.049985687898296,1815.9352833333332,70690452.80610564,68246965.40921126,55458999.94684909,775.2,776.0,774.8000000000001,2.0
18.053637906711952,1872.6984583333333,70845269.88016744,58045407.7280497,53526298.04722325,775.6,774.4000000000001,775.2,2.0
15.183952877956385,1989.3238666666666,98850215.58543937,93481983.6519638,55378647.14950133,778.8000000000001,779.2,777.2,2.0
17.30480520934383,1932.0200416666667,78321215.38403662,71718795.73661433,63070533.67923669,778.8000000000001,778.4000000000001,775.6,2.0
16.334639190995315,1896.3588875,113031703.22094396,85428187.24854904,46312076.08368988,775.2,775.6,776.0,2.0
16.6820924446945,1913.5800083333334,89523698.63775069,86283417.55205159,59625011.86361391,776.0,774.8000000000001,775.6,2.0
18.41798600100818,1861.5017416666667,90077488.0402905,74591925.94256116,55165549.246787585,772.4000000000001,772.0,774.0,2.0
17.713470980207877,1828.6002208333334,75833471.11385824,58957397.20843173,55831297.51202876,773.2,774.0,773.6,2.0
18.907657289221916,1826.3053291666668,83153213.7291997,54977588.071598396,50868688.07418078,773.2,772.8000000000001,774.0,2.0
17.699114855457225,1826.995425,100446223.67679788,63219818.28712383,40333072.3257866,775.2,774.8000000000001,776.8000000000001,2.0
15.548061240339045,1818.229925,79303405.85154182,64737765.08325731,55277987.89469567,775.6,776.4000000000001,776.8000000000001,2.0
18.634937617282223,1829.355475,69948276.71171212,65928454.65606607,64180453.70343491,775.2,774.4000000000001,775.6,2.0
17.020181403263596,1998.2509833333334,116950800.58470155,81235429.14332157,58585845.861493304,779.2,778.8000000000001,778.4000000000001,2.0
18.007112599377688,1939.3421125,76728911.13282539,73697886.39307725,63930148.59328737,775.6,778.8000000000001,776.0,2.0
16.03440272767693,1899.1279625,96929036.64829424,92477798.7068995,43753325.34637583,775.6,775.2,777.2,2.0
14.157265508093952,1918.6049583333333,82406803.87976421,76694704.08558734,72034178.80691776,775.6,774.8000000000001,776.0,2.0
19.43129338206801,1868.7826708333334,98207057.90505907,85527810.40976425,57969707.27764639,772.4000000000001,773.2,772.0,2.0
17.46050984841699,1828.7428125,85546998.13838041,72856584.16810231,58750002.949900396,773.6,774.4000000000001,774.8000000000001,2.0
18.678751965803283,1832.2995333333333,100218714.43637311,53042954.57308825,42386129.67240023,773.2,772.8000000000001,774.0,2.0
18.539169906803632,1839.1213041666667,91329730.54583673,68150180.79614066,49976581.72333422,775.2,774.8000000000001,776.8000000000001,2.0
18.571442122247802,1805.7581041666667,70188804.11685379,65439135.484751515,65265023.48711625,776.8000000000001,776.4000000000001,775.6,2.0
16.989726675258787,1828.9022041666667,96510892.11892727,52620760.26633036,46027391.299450606,775.2,774.8000000000001,776.0,2.0
17.66695337817663,1989.000975,134690897.11266628,62704853.5627433,50676021.61643051,779.2,778.8000000000001,779.6,2.0
15.748040089695818,1943.929775,85416560.57425311,77845264.8034576,65140783.024937466,776.0,776.8000000000001,775.6,2.0
16.238637694297715,1899.6884208333333,98465928.32831638,70169013.00583959,58227211.66024437,775.6,775.2,777.6,2.0
17.36096483493933,1932.7196083333333,81845864.98964544,77416319.9099375,71550026.2337762,775.6,776.0,774.8000000000001,2.0
16.922869880726495,1867.4541666666667,104461954.5523474,76049903.98817085,52840836.82576526,772.4000000000001,773.2,772.0,2.0
16.18451304488337,1830.9344541666667,90631495.50248694,81943158.48043467,54046153.21234023,773.6,774.4000000000001,774.8000000000001,2.0
16.498073498644217,1837.0542875,101230077.74413362,64703054.60764851,56847253.85060048,773.2,772.8000000000001,774.0,2.0
19.13288650029925,1829.5447875,87009340.65790565,63055701.0577296,61457162.02110021,775.2,774.8000000000001,776.0,2.0
20.15531991394166,1803.7921458333333,97864200.22550046,60720163.5929003,59185444.48896111,776.4000000000001,776.8000000000001,776.0,2.0
19.180968866735242,1829.3405916666666,89103954.89966516,79564747.59817164,67846098.26719405,775.2,774.8000000000001,775.6,2.0
16.43010372253728,1970.469325,121662955.69681269,53873897.926711574,45322987.127795674,779.2,778.8000000000001,778.4000000000001,2.0
16.70369008632524,1944.1598958333334,83239729.92310753,76246342.07631902,73539646.21051604,776.8000000000001,776.0,775.6,2.0
15.34571859401399,1909.1590208333334,80021833.41535197,60167790.33821465,55915860.44882134,775.6,775.2,778.4000000000001,2.0
17.29385126762303,1924.2754916666668,76163766.2835543,68300263.88813986,67127722.03496332,774.8000000000001,774.4000000000001,776.0,2.0
15.58319340400634,1879.1345583333334,94262470.29282874,66537212.551164456,58883424.949151695,772.4000000000001,772.0,773.2,2.0
16.318382528097978,1837.000475,96486830.08945611,83888919.18198098,47383212.66139224,774.4000000000001,773.6,773.2,2.0
16.87251845951477,1835.0367708333333,83431623.46369407,81400708.3451839,54267825.95161485,772.8000000000001,773.2,772.4000000000001,2.0
17.6551647306579,1833.836925,90375512.61637995,54866992.26277265,54405680.7596201,775.2,776.0,776.8000000000001,2.0
18.126623260644365,1807.4146541666667,83908409.7499967,71630107.14140826,51094306.0938191,776.4000000000001,776.8000000000001,776.0,2.0
17.200700446008977,1827.4682625,88277869.38123225,78850198.0179696,68630268.4356896,775.2,774.8000000000001,775.6,2.0
19.239423934549947,1950.13455,99379626.84002587,65548645.885024354,46998916.27266818,779.2,779.6,774.0,2.0
16.35219327796733,1951.3118333333334,79144734.6950558,78500089.70081243,75277595.42942874,775.6,776.0,776.8000000000001,2.0
17.056263512270206,1917.1714333333334,67928374.88435715,58472376.79651868,57826610.1044017,778.8000000000001,775.6,778.4000000000001,2.0
18.751984672739756,1908.0460875,97958950.56585754,84742688.99127378,53028024.30707611,774.8000000000001,775.2,774.4000000000001,2.0
15.691324434221606,1898.0927625,69829204.87587756,57380632.39343703,51400362.95826699,772.4000000000001,772.0,775.2,2.0
16.27225181610298,1835.3342291666668,92643254.78430538,83893406.37163116,49068968.635712564,774.4000000000001,773.6,773.2,2.0
17.194065473296302,1828.2741791666667,93976923.78401305,67513160.5047829,64186138.68205385,773.2,772.8000000000001,773.6,2.0
16.319527158182822,1835.80785,73506824.43086079,59377629.96854256,54025381.96911344,775.2,774.4000000000001,776.4000000000001,2.0
15.061004005930902,1813.6784416666667,72458142.64735201,64334032.66206014,57525127.86833182,776.8000000000001,775.2,776.4000000000001,2.0
17.336487173011722,1821.3785375,88990534.47486103,78514855.26101765,71360478.54478297,775.2,774.8000000000001,775.6,2.0
17.44757946440327,1919.9152625,76537785.11885865,76139872.90870206,43129951.827532016,779.6,779.2,774.8000000000001,2.0
16.42102146132613,1964.7353125,68867224.20069534,66663457.5215661,65152923.48979107,778.8000000000001,775.6,776.0,2.0
16.554917195000804,1913.8218,80380328.44063288,68858554.15505028,67462731.91749474,777.6,778.4000000000001,778.8000000000001,2.0
16.00150396577355,1908.2056208333333,107949790.82173504,79065873.057602,64341250.24301773,775.2,774.4000000000001,774.8000000000001,2.0
16.38302678587405,1897.5594916666666,69026169.2000838,61971808.00660762,56300847.58928897,776.0,775.6,772.8000000000001,2.0
18.015787752228135,1845.084475,69606770.6509392,62941470.356578596,52086295.965590075,774.4000000000001,774.0,773.6,2.0
17.224663760627276,1833.4339416666667,103902773.75144812,74564903.33261847,55653192.57435944,773.2,773.6,772.8000000000001,2.0
15.88795350782053,1832.3797583333333,57534467.42039155,56657765.10052078,55279445.25790025,776.4000000000001,775.2,776.0,2.0
18.49872416771852,1818.9125375,68771719.04678951,60292935.063234895,55131042.26964361,775.2,776.8000000000001,775.6,2.0
16.912986997176656,1816.8098625,80304684.3493203,72219664.47094306,62846046.31384323,774.8000000000001,775.2,775.6,2.0
16.538630031938357,1905.5562416666667,59619976.91778346,56817429.50826414,47516495.90696066,779.6,779.2,775.6,2.0
18.010394452463647,1977.2614916666666,89821714.26139973,68395655.56286259,56532003.255246475,778.8000000000001,779.2,776.4000000000001,2.0
17.60753756681117,1916.8463125,78663710.09706405,71996840.52077302,66865736.466457576,777.6,778.8000000000001,778.4000000000001,2.0
16.575653707571636,1905.1120291666666,119764915.77040178,70813607.16893248,53072646.957353264,775.2,775.6,774.8000000000001,2.0
16.74322947741365,1906.3039166666667,85651760.87110035,68298887.53046168,60995710.45229872,776.0,775.6,774.8000000000001,2.0
18.147649985604197,1854.4306333333334,67034925.08745839,66391181.158946626,56030654.898415886,774.0,772.4000000000001,774.4000000000001,2.0
16.84386757843934,1831.5972916666667,78586641.75692146,70735231.14587411,65938292.872778565,773.2,773.6,772.8000000000001,2.0
16.10462123118703,1830.9763583333333,58490220.4718202,54582546.026146345,47608252.20619154,776.4000000000001,773.2,776.8000000000001,2.0
18.719487061170597,1822.2240875,88423831.51289783,64175129.208332516,54886654.3305392,775.2,776.0,774.8000000000001,2.0
16.30863319431358,1817.6600833333334,72274026.31025003,70111464.35090779,55832627.14313587,775.2,776.0,774.8000000000001,2.0
23.143613589930162,1230.4095,19143623.890831582,16892720.4017681,13825080.198132673,5814.400000000001,2907.2000000000003,5813.200000000001,3.0
22.508548746346722,1266.3483083333333,22429628.39983153,21888421.102434594,16723314.811355254,728.8000000000001,2914.4,5827.200000000001,3.0
21.914153246247047,1304.0291625,21186995.147755407,20035225.225816123,19245529.062390544,5825.200000000001,2912.4,2912.8,3.0
21.202062104899138,1329.6119875,21836962.190513935,21137072.410726655,19448760.069474902,5807.200000000001,726.0,725.2,3.0
22.43784108375848,1265.5859041666668,16267976.037205303,14966942.903575089,14716052.91242915,5855.6,5864.8,2928.8,3.0
23.163826774376755,1223.0419458333333,14796215.656441705,14106453.210079623,11938235.332916701,5834.0,2918.0,2917.6000000000004,3.0
21.30466507989897,1263.1586208333333,17952020.52165152,16930274.139881484,16278897.134179305,728.8000000000001,2914.8,2914.4,3.0
22.758237519632313,1288.2807,28203570.525283117,24801762.126209192,23348575.600958243,2912.4,5825.6,728.0,3.0
21.94994684883466,1328.9781583333333,22955220.96226141,21242281.88412417,20999751.177144777,5807.200000000001,726.0,5808.400000000001,3.0
22.174453488192217,1284.5583541666667,16352133.255730914,14865406.05776288,14054964.227415169,5864.8,2932.0,2932.8,3.0
23.36292183496462,1232.4069166666666,17342230.380595136,14307306.960647352,14230974.889343226,5844.400000000001,2922.0,2922.4,3.0
22.49587026915533,1249.6192375,18432762.37182607,16105853.304206792,15902810.0242101,5814.400000000001,2907.2000000000003,2914.4,3.0
23.533623286693444,1275.5952333333332,26341750.171136685,22833658.03237255,20703150.172168043,2912.4,5825.6,728.0,3.0
21.98634879495305,1320.8163416666666,22544059.000159048,19977561.051541183,17581993.420973048,726.0,5812.0,5809.200000000001,3.0
22.004309994483656,1313.0142583333334,16619899.898101617,16378655.437922379,14002615.657928988,5864.8,2932.4,726.0,3.0
20.584491532866842,1241.559475,17060775.162842758,16172145.132787589,14572694.784333454,5844.400000000001,5855.6,5844.0,3.0
22.267938274568664,1229.5140833333332,18303529.73752255,16519313.411471909,13177155.588661065,5814.400000000001,2907.2000000000003,727.6,3.0
23.878250738555646,1275.5329416666666,20474186.637991354,17714886.530526713,16653232.571991853,2913.6000000000004,5827.200000000001,728.8000000000001,3.0
21.280308092224605,1306.0552625,15023034.99605865,14824279.284414453,14472462.359141791,5811.6,5825.200000000001,5811.200000000001,3.0
21.566870619849634,1330.6326416666666,21581038.49083409,20404363.496382345,19625937.610169116,5807.200000000001,2904.0,726.0,3.0
22.66987281246486,1257.348375,15522347.38415286,15366051.55723601,14595665.193784442,2928.8,5855.6,732.4000000000001,3.0
22.39447569528402,1223.8783666666666,16108790.600528896,14942856.027872924,13964099.142172223,5814.400000000001,5834.0,2917.6000000000004,3.0
22.105269922200304,1266.1191666666666,21743030.558782443,19743897.26739505,16583379.13661405,2914.4,728.8000000000001,5827.200000000001,3.0
21.535484767394177,1300.0871458333334,23453805.114959057,21685622.76138426,19457455.082905736,2912.4,5825.200000000001,728.0,3.0
21.00039017494675,1328.4757708333334,23163118.902612746,21254914.81498731,19040447.023393106,5807.200000000001,726.0,5808.400000000001,3.0
22.734416640855336,1273.7777166666667,15301233.048850017,15189242.594864236,15098485.779689344,732.4000000000001,5855.6,2932.0,3.0
23.201482082688884,1228.6576208333333,15546652.386143854,15038926.759274794,13846908.997783605,5844.400000000001,5844.0,2922.0,3.0
23.420072498464503,1258.0911791666667,17818285.28678006,14881413.06299648,14855154.251882218,2914.8,2914.4,728.8000000000001,3.0
22.113983698103787,1283.1918416666667,28316915.610345274,24174423.966211706,24083631.180051167,2912.4,5825.6,728.0,3.0
22.259286638764205,1321.992475,21744441.610812884,17321792.61649837,17075525.516871832,726.0,5807.200000000001,2904.4,3.0
20.966122873181234,1296.741575,16012763.12065077,15622476.30135445,15173917.54536096,5864.8,725.2,2932.4,3.0
22.80923588519937,1244.0441916666666,17198138.593188945,14875520.488552772,14767320.933307162,5844.400000000001,5844.0,2917.6000000000004,3.0
23.01206531365666,1234.5742416666667,18388537.422165398,17502185.542972974,13131241.634646583,5814.400000000001,2907.2000000000003,5812.8,3.0
22.324875512904136,1271.9341583333332,20091176.295307457,18149005.769793164,17646425.23422043,2912.4,2912.0,728.0,3.0
21.556718403628448,1314.4022833333333,16439636.874074046,15584374.285576604,15524526.3449815,726.0,724.8000000000001,5811.6,3.0
21.09165751349729,1318.4855083333334,16368163.823515233,15995466.793758795,15365606.859462492,5807.200000000001,2904.0,726.0,3.0
21.703910553937817,1252.611575,16896722.465072293,16455152.648780098,15295670.230158038,5844.400000000001,2922.4,5855.6,3.0
22.790919609938225,1231.5104416666666,18533674.973396044,16304320.873807764,14086860.399207428,5814.400000000001,2907.2000000000003,5813.200000000001,3.0
22.433481580738494,1267.0690875,22594422.388455827,21951204.086603906,18035387.02903627,728.8000000000001,2914.4,5827.200000000001,3.0
21.743489830291733,1304.4832333333334,22083803.356268514,20809322.975017738,20476186.003849722,5825.200000000001,2912.4,2912.8,3.0
21.584438839126673,1329.0836166666666,21547807.455681346,21201900.453585807,19311504.61796315,5807.200000000001,726.0,725.2,3.0
22.18166388033143,1265.6001625,16610093.790184429,14959905.146453714,14677679.753456166,5855.6,5864.8,2932.4,3.0
23.734069920685748,1222.561275,14085112.303725787,13175913.527961759,12059104.288031025,5834.0,2918.0,2917.6000000000004,3.0
21.63604005280695,1262.7888958333333,18344995.72114178,16917029.306293067,16021732.465019135,728.8000000000001,2914.8,2914.4,3.0
22.35009116312504,1287.318575,29327815.768848557,24335354.089234307,23081143.801005688,2912.4,5825.6,728.0,3.0
22.498473744530614,1328.8615208333333,23135316.068456754,21229076.677064635,20782610.401296712,5807.200000000001,726.0,5808.400000000001,3.0
22.321801189270847,1286.37585,16029298.986038268,15596966.216453295,14645525.346398804,5864.8,2932.0,2932.8,3.0
21.94248979339704,1231.4417166666667,17941951.980769042,14293341.535285654,14251732.088979714,5844.400000000001,2917.6000000000004,2922.0,3.0
22.954767297157833,1247.4191583333334,19779716.69830057,16781535.26996464,15362640.166239696,5814.400000000001,2907.2000000000003,2914.4,3.0
22.99432420910285,1277.4188958333334,24858630.882893004,21785874.528322175,20499166.701573372,2912.4,5825.6,728.0,3.0
20.77065036696412,1318.706275,21418470.069747653,18733876.429455705,17081830.06112384,726.0,5812.0,5809.200000000001,3.0
21.680273291635416,1316.3118416666666,16907821.702101793,15869351.41103065,14319421.24594716,5864.8,2932.4,726.0,3.0
22.575354832944118,1242.9496208333333,17365492.63723105,16762684.445386758,14526066.297288826,5844.400000000001,5855.6,2922.4,3.0
23.483396350755285,1229.7729708333334,18855545.015473995,16309046.790177906,14066115.279249895,5814.400000000001,2907.2000000000003,2912.0,3.0
22.626090121067463,1276.8362708333334,18835793.105885677,17798678.889812864,17590745.823888242,2913.6000000000004,728.8000000000001,5827.200000000001,3.0
20.931098872252264,1304.5266166666668,15916853.779926645,15626113.343069894,15310067.390606113,5811.6,5825.200000000001,2912.4,3.0
23.128910840475534,1330.9768833333333,20893753.441119254,20014588.49746966,19913132.503428865,5807.200000000001,726.0,2904.0,3.0
21.86697004997873,1256.2714875,15715757.945070578,15427134.471740134,15128292.743843932,2928.8,5855.6,732.4000000000001,3.0
23.469089955371796,1223.9154416666668,14876904.958692184,14722158.140406875,14552990.56592645,5814.400000000001,2918.0,5834.0,3.0
22.781967284089696,1265.8718916666667,21157171.632910743,18939418.183211785,16238947.086838773,2914.4,728.8000000000001,2915.2000000000003,3.0
23.520672467710895,1297.2461416666667,23358393.049290203,22076127.093849733,20536879.32849728,2912.4,5825.200000000001,728.0,3.0
22.041274917753736,1328.5357416666666,21786256.73422961,21095552.93631353,19155903.55621227,5807.200000000001,726.0,5808.400000000001,3.0
22.56989929456192,1273.2255541666666,16099991.870972233,15340440.62087864,15267187.735739809,5855.6,2928.8,5864.8,3.0
24.122029350782242,1229.899975,17199813.9908949,15816165.06272668,14862221.808059627,5844.400000000001,5844.0,2922.0,3.0
22.22608002625144,1256.1508333333334,18198151.375639576,14857149.853244988,14493310.22945581,2914.8,5829.200000000001,2914.4,3.0
22.185352149560302,1281.3109416666666,28487247.900341038,23397359.753493696,23075918.10763313,2912.4,5825.6,728.0,3.0
21.462769509082467,1323.0661416666667,22109056.26505795,17393820.356754307,16432613.899140252,726.0,5812.0,2902.8,3.0
23.478652981662584,1296.4887625,15895517.429322436,15539111.400737787,15296620.674583623,2932.4,725.2,5864.8,3.0
22.823446551737096,1244.7387541666667,16205128.802614728,15838102.329057189,14344152.42451024,5844.400000000001,5844.0,2917.6000000000004,3.0
22.852026806536585,1233.7272708333333,17305480.918918803,16480122.019353425,13927261.872735592,5814.400000000001,2907.2000000000003,5813.200000000001,3.0
23.286873448361415,1271.559775,18712763.019624926,18070157.817641076,17072636.62859399,2912.4,2912.0,728.0,3.0
21.30072592659696,1314.7831916666667,16099347.425870305,16042893.685911648,15670486.736010706,726.0,724.8000000000001,5811.6,3.0
23.141852057833802,1316.714325,17330617.572690178,16359632.429347716,15430323.43234407,5807.200000000001,2904.0,726.0,3.0
22.9474912390585,1254.8948541666666,16365702.248541255,16194326.704360768,15803415.712610189,5844.400000000001,5855.6,2922.4,3.0
22.45855766740153,1230.1332958333332,18470622.605525482,15351971.32305017,14362005.814528095,5814.400000000001,2907.2000000000003,2908.4,3.0
22.8067010437722,1267.1565541666666,22699413.786589954,21707419.48477655,18271939.117221385,728.8000000000001,2914.4,5827.200000000001,3.0
21.20503998660067,1304.0843375,22764602.74253686,20737407.36418811,20706654.381884433,5825.200000000001,2912.8,2912.4,3.0
22.668910244355963,1330.6678833333333,21941366.253769103,21167617.926187325,19348341.705542676,5807.200000000001,726.0,725.2,3.0
21.131685529870385,1264.9635,16152240.22089179,14887538.874100912,14813563.872129863,5855.6,2928.8,5864.8,3.0
23.051104727684237,1222.4924791666667,13691427.155634614,12892435.537144639,12821379.793826608,5834.0,2917.6000000000004,2918.0,3.0
23.00060705720612,1261.517125,18282586.21109849,17541828.366603978,15539802.360704025,728.8000000000001,2914.8,2914.4,3.0
22.368056743937323,1286.6150625,29762743.36058054,23743168.363701236,23330595.99108517,2912.4,5825.6,728.0,3.0
21.015883576476153,1329.9708375,23438974.568730917,21348534.803919863,20756083.592407003,5807.200000000001,726.0,5808.400000000001,3.0
20.241626252189654,1287.839725,16493324.041905988,15690023.52914012,14556945.94033154,5864.8,2932.0,2932.8,3.0
23.424975898244448,1232.0098208333334,17310971.97512574,14796876.348523963,14178099.432978055,5844.400000000001,2917.6000000000004,2922.0,3.0
22.12172066092509,1245.0766083333333,19501805.23585554,17468933.816801228,14597771.641951883,5814.400000000001,2907.2000000000003,2914.4,3.0
22.86085291132711,1276.9773875,24710766.070747543,21842862.196645793,20117496.81620032,2912.4,5825.6,728.0,3.0
22.516334348645653,1318.3907541666667,20915877.78292806,17540086.470613755,17337721.315522164,726.0,5812.0,725.2,3.0
22.41047922661777,1316.0310541666668,16662964.746912941,15250559.910911657,14430768.381891737,5864.8,2932.4,726.0,3.0
22.602866982604958,1243.0046875,17286165.680175547,16772687.218815422,14730691.07715182,5844.400000000001,5855.6,2928.4,3.0
21.06479586893735,1229.15145,18537227.75704805,15748679.578473173,13938166.997793367,5814.400000000001,2907.2000000000003,2912.0,3.0
22.874862567893167,1276.1711125,18118629.533482566,18097242.779594637,17587173.175811447,728.8000000000001,2913.6000000000004,5827.200000000001,3.0
21.1781510839198,1304.3701916666666,16284950.192549897,16013523.190456716,15754802.870881587,5825.200000000001,2912.4,5811.6,3.0
20.67152046496177,1331.009175,21146580.011633582,20080173.334591307,19539078.732831802,5807.200000000001,726.0,2904.0,3.0
23.859587346250002,1256.8682583333334,15453876.050953688,15304852.677316556,14806555.305584528,732.4000000000001,2928.8,5855.6,3.0
23.106654524905444,1224.1566583333333,15366612.649932243,15094672.448185261,14354650.412010564,5834.0,2918.0,5814.400000000001,3.0
23.248606857902978,1265.9475125,20573277.82180779,18449580.07553141,16671806.071529858,2914.4,728.8000000000001,5829.6,3.0
20.863902738941245,1297.5464541666668,23893147.67790683,22129537.29378383,21139799.30193354,2912.4,5825.200000000001,728.0,3.0
20.999097103605827,1327.3505291666668,20912928.89789681,20861657.843535546,19962520.15178659,726.0,5807.200000000001,5808.400000000001,3.0
22.519424115638483,1273.4070958333334,15973408.181935653,15567710.023478746,15297878.59830209,5855.6,2928.8,732.4000000000001,3.0
13.109531837560027,3623.0053083333332,291836109.0563444,256825154.4521931,245080981.86438537,780.4000000000001,782.4000000000001,780.8000000000001,4.0
6.041683333310345,3550.9168041666667,352515695.8379103,234200152.29209736,208266903.73408583,782.4000000000001,781.6,783.6,4.0
6.3464681779185925,3531.1566333333335,298925835.9702997,276962083.9838153,232650508.3134673,782.8000000000001,783.6,784.0,4.0
8.246680645366757,3552.3202833333335,390767198.99793047,299775598.1325129,241274350.22002566,779.2,780.0,779.6,4.0
8.231023630144675,3597.0333166666665,282020270.04036784,245448587.89525232,240909416.02983987,776.8000000000001,781.2,780.8000000000001,4.0
2.1436135768059192,3604.8898291666665,269040999.43287593,264936576.80414236,258888555.452783,776.4000000000001,777.6,777.2,4.0
1.44129426789489,3578.0506625,368652323.7156568,233901694.34125414,223140496.9984601,776.8000000000001,774.8000000000001,777.2,4.0
10.919273670899544,3440.0716625,369788694.35238683,286005405.70044625,250994433.48789036,773.6,774.0,773.2,4.0
9.73133555410904,3408.308558333333,379510951.94876105,219043219.36411282,150556423.91388163,768.8000000000001,769.2,769.6,4.0
9.108187022307641,3392.116145833333,307081404.7732085,244328071.41827697,208934387.36265862,767.2,770.0,768.8000000000001,4.0
10.483699450416664,3645.3058375,274874899.68549347,224716240.02609494,185107435.7284761,781.2,780.0,779.6,4.0
10.46762847226311,3622.3758041666665,289368588.42019916,245789564.56304908,204804963.56247747,780.8000000000001,780.4000000000001,783.6,4.0
8.495162103613248,3546.3412625,293819317.3734929,289000671.63451153,250304909.8354811,783.6,782.8000000000001,782.4000000000001,4.0
9.300621843009566,3524.30805,265216533.40997556,229882653.5268453,223949827.70518807,782.8000000000001,784.0,783.6,4.0
7.9969996978033375,3567.3763208333335,378143706.55894506,269597090.0600496,249177225.95706224,779.2,779.6,780.0,4.0
7.379602800964291,3580.1554625,334425751.7343869,210277704.82372832,209333975.4983831,776.8000000000001,780.8000000000001,777.2,4.0
4.858961651766078,3620.966825,304400905.21734893,277379631.6053825,236065101.78896362,776.4000000000001,777.2,777.6,4.0
7.233875459714984,3597.0332708333335,301348485.4080167,259782744.92126474,236930758.33141413,776.8000000000001,774.4000000000001,777.2,4.0
7.917375670005813,3432.2425625,323602778.53726953,315352517.6886838,246857785.52048805,773.2,773.6,774.0,4.0
10.445655995037681,3406.583345833333,424387351.1974076,166367230.03341302,161563699.321487,768.8000000000001,769.2,768.4000000000001,4.0
10.777110968776991,3402.7267625,244491839.09834987,210126842.26875603,199555107.3792073,767.2,770.0,769.6,4.0
10.510663038077093,3628.1349625,238350615.7972823,231287372.06937045,198787372.9200766,781.2,780.0,781.6,4.0
11.997650985366537,3624.3141958333335,285484481.6471235,273929383.76139593,240166233.5189187,781.6,780.4000000000001,780.8000000000001,4.0
7.930008669604341,3542.2502791666666,367481047.9687779,275474557.4241552,208115056.6476049,782.8000000000001,783.6,782.4000000000001,4.0
7.833171718190957,3538.9269791666666,230870499.4581629,187806510.47541013,172663845.47884735,782.8000000000001,783.6,784.0,4.0
10.56275867533351,3566.3924875,306456771.03095746,291184202.85101926,250685848.9556755,780.4000000000001,779.2,779.6,4.0
8.40024032394312,3581.468604166667,389308249.56416476,217832010.68992087,157128727.88581115,776.8000000000001,777.2,780.8000000000001,4.0
1.690648297744586,3612.449625,295628571.3514528,264795150.56771478,227758196.22743252,776.4000000000001,777.2,776.0,4.0
5.475703151194375,3550.809133333333,229265657.22217003,227741095.17931402,208607570.86979282,774.0,776.8000000000001,777.2,4.0
10.389497100437538,3452.9438583333335,399663280.6072217,229088595.92713785,218903054.48015788,773.2,773.6,772.4000000000001,4.0
9.476844367544857,3376.8333958333333,407339463.19400424,224678174.30642056,221708953.4174117,768.8000000000001,768.4000000000001,769.2,4.0
7.007311360286483,3422.6326375,232080071.47834647,210905393.69051024,190446676.53470856,770.0,766.0,767.2,4.0
4.027376627533115,3628.993645833333,276845242.9235418,222414621.18800688,208093772.3065218,781.2,780.0,780.4000000000001,4.0
7.364650647971475,3628.6586625,288405359.13274264,282779486.0436582,243934292.1756489,780.8000000000001,781.6,780.4000000000001,4.0
4.770225798289497,3523.8899708333333,323215284.58108425,319483330.39773285,199860855.42668992,783.6,782.8000000000001,782.4000000000001,4.0
12.909752934635632,3531.8406875,204464545.630078,202010522.96368802,192457450.2860897,783.2,782.8000000000001,779.6,4.0
8.34067668118121,3576.3718958333334,307123178.9698691,276777630.117674,256380329.11143377,780.4000000000001,779.2,779.6,4.0
10.593923769469617,3575.5653125,393994392.2760491,253505709.07507944,172182024.2146325,776.8000000000001,777.2,777.6,4.0
7.714691881944044,3622.4580791666667,327058141.11608404,276462744.33815455,276266678.5691574,776.4000000000001,776.0,776.8000000000001,4.0
8.222524703520202,3556.398670833333,244275454.37072238,229541041.61549485,198988415.52646917,774.0,774.8000000000001,773.6,4.0
13.870880769919887,3443.7873,409959315.6593649,200121864.7670365,197531275.00011072,773.2,773.6,772.4000000000001,4.0
11.624974193519744,3388.0371583333335,416814601.7971806,178769509.58245882,178309480.79014665,768.8000000000001,768.0,768.4000000000001,4.0
4.305410839861859,3435.7462291666666,249670507.15048072,175841158.10432783,169604860.39303434,770.0,769.6,768.8000000000001,4.0
10.862913206563574,3629.5426666666667,243471756.49260825,214404408.98895356,200995260.63089725,781.2,782.8000000000001,780.0,4.0
10.490655167020472,3627.8916875,280750398.0398517,250712356.14642066,246050572.93184957,780.4000000000001,780.8000000000001,781.6,4.0
7.61348310564882,3507.568475,397279375.5836093,221162910.0645751,167642475.76065063,783.6,782.8000000000001,784.4000000000001,4.0
8.07048428947524,3552.132741666667,252764503.41498393,223506793.40267196,189298284.21587187,779.6,782.8000000000001,783.2,4.0
8.210258319119239,3590.086225,323041084.79146355,232126602.0145326,226278640.50294343,779.6,780.4000000000001,779.2,4.0
1.3327227768744705,3578.119525,345808955.3240116,300039832.81153226,223678157.71212196,776.8000000000001,777.2,777.6,4.0
10.980673742231545,3625.2973541666665,424971619.3730275,317727076.46155185,204710644.62769538,776.4000000000001,776.8000000000001,776.0,4.0
9.53706846992303,3514.261175,305608053.53531855,303774309.5986855,194231200.6536362,774.0,774.8000000000001,773.6,4.0
6.0193133606195754,3424.678325,366828475.36483365,239798599.85951933,216382755.94857022,773.2,772.4000000000001,773.6,4.0
11.230495870619427,3398.445779166667,379477637.3349647,210222954.01223657,171683041.4880109,768.8000000000001,768.4000000000001,767.2,4.0
6.684502287630197,3475.1221291666666,214370527.8100891,168736026.67330784,166516622.67611352,770.0,766.8000000000001,770.4000000000001,4.0
6.566776225820399,3633.5334666666668,280038327.4672912,240572565.1594917,240100440.6647435,780.8000000000001,782.4000000000001,781.2,4.0
7.947952566541901,3609.858816666667,259614329.65333936,209379753.5963576,207195774.58037668,782.4000000000001,782.0,780.4000000000001,4.0
7.745289697616222,3500.0250625,406110904.6537662,208325518.2671827,178299915.04100397,783.6,782.8000000000001,782.0,4.0
10.696655045698476,3564.5546541666668,267425634.5387873,234746156.0085528,228518689.9038342,779.6,782.8000000000001,780.0,4.0
6.2259483882645,3576.1037166666665,299330093.62365925,277416809.9942629,262034254.60615596,779.2,779.6,781.2,4.0
9.154058070968672,3584.0457208333332,337616891.0900474,333766207.81034094,298188858.95101684,776.8000000000001,777.2,777.6,4.0
4.95808514785026,3652.015275,425258881.95244163,298586157.1862287,199629207.61315745,776.4000000000001,776.8000000000001,776.0,4.0
9.584819812251732,3511.9447125,377345252.19087034,313573669.00111145,180590152.875449,774.0,774.8000000000001,773.6,4.0
10.82467917153514,3425.8127458333333,313189077.4927063,257219707.75853997,216671657.1503634,773.2,773.6,772.4000000000001,4.0
8.969922658529448,3388.7816541666666,349472439.06169885,217807932.05482888,191810878.17682368,768.8000000000001,768.4000000000001,767.2,4.0
9.012590730010249,3510.4017583333334,161345740.7469048,158327227.88909143,152287836.40414155,770.0,766.8000000000001,764.8000000000001,4.0
8.265618045050633,3625.2319416666664,324888349.9835985,296939677.6909454,197585983.41785744,780.8000000000001,781.2,782.4000000000001,4.0
6.326400371986163,3593.9019,269018745.9547924,214984833.91516644,198025873.97128567,782.4000000000001,782.0,783.2,4.0
6.634507957138444,3500.7862291666665,371787424.77354944,212233122.0940921,200147097.45451045,783.6,784.4000000000001,782.0,4.0
7.044079369702379,3567.2725041666667,288159907.6266401,274025774.46782774,222381961.8198056,780.0,780.8000000000001,779.6,4.0
8.155642729627957,3573.474458333333,336079645.32499564,284164065.39054805,267489416.90246922,779.2,780.8000000000001,781.2,4.0
5.977868209766199,3584.151325,356697113.63701415,327687539.30670327,305849058.5965804,776.8000000000001,777.2,777.6,4.0
4.134084441163082,3634.5913791666667,347278506.5926151,295812581.29998165,262403586.82034174,776.4000000000001,776.0,776.8000000000001,4.0
3.8805696531995575,3486.0276875,394753440.96135145,280862887.1530177,222870867.87125918,774.0,774.8000000000001,773.6,4.0
3.6706947571270483,3420.8171,264446272.3867169,260946845.8329567,177039605.86991727,773.6,773.2,769.2,4.0
9.663065421145266,3392.3898083333333,328169361.7500713,233705187.9128121,177944167.7399276,768.8000000000001,768.4000000000001,767.6,4.0
8.889930164705081,3543.2125416666668,185390916.50598192,182179340.47920585,157395852.10771394,779.6,780.0,765.2,4.0
3.191858131767973,3606.685266666667,322230549.27435833,296675222.3669101,199494957.45932937,780.8000000000001,781.2,782.4000000000001,4.0
9.3606899674472,3577.201175,264997813.75785688,264049414.89325744,244622391.55379638,783.2,782.4000000000001,782.8000000000001,4.0
11.104704145841376,3503.310754166667,375531310.54899114,211689387.47186324,205068340.6823581,783.6,784.4000000000001,783.2,4.0
11.146926332701167,3544.06725,358953534.17779404,216978903.29581943,195299115.38216293,780.0,780.8000000000001,781.6,4.0
8.481047498196592,3593.831275,318894514.9955106,311767540.10601425,235891741.58934098,780.8000000000001,779.2,781.2,4.0
10.62248028946159,3590.9734208333334,378088770.48154247,342016506.44011533,267092481.5008688,777.2,776.8000000000001,777.6,4.0
4.985188060645255,3642.414975,350368792.5877987,288001551.08447546,267980537.14159107,776.0,776.8000000000001,776.4000000000001,4.0
9.0649937948131,3470.3435291666665,382398097.98383546,267840455.76161325,236308216.17975226,774.0,774.8000000000001,773.6,4.0
11.325107063511584,3405.687283333333,224244486.68064955,218541744.30725756,213980806.64544162,773.6,773.2,769.2,4.0
10.364722017497623,3392.1551458333333,241266326.33572313,240354398.11482444,202115471.8233404,768.8000000000001,768.4000000000001,768.0,4.0
2.6169216967014255,3567.0230541666665,235080204.39797708,203876327.90640402,157496022.38343817,780.0,779.6,780.4000000000001,4.0
7.804013390557451,3612.398475,295744176.58632493,267583732.85843915,215622426.372805,780.8000000000001,781.2,781.6,4.0
3.7091396127224256,3591.139958333333,291902651.29052746,275824124.1228364,240251281.41117015,783.2,782.8000000000001,782.4000000000001,4.0
9.954613042872802,3496.978454166667,450636142.36569405,207311342.66176513,193432294.58798534,783.6,784.4000000000001,783.2,4.0
5.464689683168966,3543.5122916666664,388913019.47601223,228800756.73531964,200036443.6328368,780.0,779.2,780.8000000000001,4.0
7.998686871397497,3595.8020916666665,295613868.86027765,240281617.3825986,239075803.31240857,780.8000000000001,781.2,779.2,4.0
6.268810360294315,3609.4779083333333,419386928.4265275,338658717.27118933,201745080.6256737,777.2,776.8000000000001,777.6,4.0
4.097792088430061,3609.9082166666667,347783780.6362073,280490020.9627321,254272326.2898666,776.0,776.8000000000001,776.4000000000001,4.0
7.821332473860619,3455.194883333333,315998944.21135026,309402211.1596859,251381949.3029792,774.0,773.6,772.8000000000001,4.0
8.571682545840499,3397.590508333333,248839322.3227318,232121312.19029742,189135714.5650187,769.2,768.8000000000001,773.2,4.0
9.470014079538988,3392.942475,245035991.12552485,224880060.53508314,199732329.48557213,768.8000000000001,770.0,770.4000000000001,4.0
10.326281397482832,3594.3560875,249218881.4115636,213683759.57665095,165472374.98840925,780.0,780.4000000000001,766.8000000000001,4.0
10.942934745000233,3615.3920375,243636346.77065107,241208143.21044782,234895407.19303387,780.8000000000001,782.4000000000001,781.6,4.0
9.180393737017312,3582.2782375,309391820.72757816,241582549.97782812,232630699.55843484,782.4000000000001,781.6,783.2,4.0
